Well_Name,Primary_Lithology,Has_Hydrocarbons,Depth_Start,Depth_End,Total_Thickness,Avg_Porosity,Max_Porosity,Std_Porosity,Reservoir_Intervals,Total_Net_Pay
SANDSTONE_RESERVOIR_001,sandstone,True,1949.816047538945,3130.1017701029114,1180.2857225639664,0.1662985210387147,0.32702933805187057,0.07856051957795791,5,1166.5
CARBONATE_PLATFORM_002,limestone,True,1918.7434499864028,2746.4587312225276,827.7152812361248,0.1488714777458009,0.31321996397581914,0.07715007188539011,9,740.0000000000002
MIXED_LITHOLOGY_003,mixed,False,2065.4787951419676,3211.362377166513,1145.8835820245454,0.1928346115272707,0.33662402903284006,0.07157262439147531,1,1145.5
