{
    "aep_per_turbine_gwh": [
        14.660883958549293,
        14.724021943548003,
        14.782145800307745,
        15.183563334586015,
        14.907093549363573,
        14.608639339591335,
        14.947766651447644,
        14.998885928241444,
        15.216738517301902
    ],
    "total_aep_gwh": 134.02973902293695,
    "capacity_factor": 0.5074692709320103,
    "wake_loss_percent": 4.250770092537803,
    "number_of_turbines": 9,
    "mean_wind_speed": 7.950658675799086,
    "turbine_model": "IEA37 3.35MW",
    "aep_values": [
        14.660883958549293,
        14.724021943548003,
        14.782145800307745,
        15.183563334586015,
        14.907093549363573,
        14.608639339591335,
        14.947766651447644,
        14.998885928241444,
        15.216738517301902
    ],
    "has_flow_map": true
}